name= [Мировая премьера В наличии] Глобальная версия Xiaomi Redmi Note 10 Смартфон Snapdragon 678 AMOLED Дисплей 48Мп Четыре камеры 33W,price= 67 533,39 руб.| 80% скидка,sale= 13 506,68 руб.
name= Ультразвуковая Очистительная Машина для чистки кожи лица + RF EMS светодиодный светильник массажер для лица + инфракрасное тело для похудения ...,price= 6 585,83 руб.| 51% скидка,sale= 3 227,27 руб.
name= EMS массажер для лица светодиодная терапия звуковая вибрация морщин Подтяжка кожи горячее прохладное Лечение Уход за лицом космети ...,price= 3821,11 руб.| 30% скидка,sale= 2 674,93 руб.
name= ANLAN RF лифтинг для лица мезотерапия подтяжка кожи омоложение радиочастотный косметический инструмент для удаления морщин лица,price= 4 274,60 руб.| 46% скидка,sale= 2 308,21 руб.
name= Вакуумный очиститель для удаления черных точек лица, глубокое очищение, Удалять прыщи, Вакуумное очищение лица, алмазные средства по ух ...,price= 4 525,87 руб.| 62% скидка,sale= 1719,65 руб.
name= Ультразвуковой скруббер для кожи, пилинг для лица, очиститель пор, отшелушивающий отшелушиватель для лица, средство для удаления угрей, спа, ...,price= 3 526,83 руб.| 52% скидка,sale= 1 693,24 руб.
name= InFace ультразвуковой скребок для кожи лица очиститель очиститель очиститель пилингитель для лопаты массажер для лица косметология ап ...,price= 2 514,20 руб.| 30% скидка,sale= 1 759,64 руб.
name= KONKA отпариватель для лица большой емкости бак для воды 100 мл Нежный и Deap Очистка лица Отпариватель Электрический Спа Отбеливающий отпариват ...,price= 3 268,77 руб.| 58% скидка,sale= 1 372,55 руб.
name= Розовый Кварцевый Ролик Для Похудения Массажер Для Лица Инструмент Для Лифтинга Натуральный Нефрит Массажный Ролик Для Лица Камень Массаж ...,price= 733,44 руб.| 48% скидка,sale= 381,05 руб.
name= Массаж скребком гуаша массажер для лица светодиодный светильник микротоковая омоложение кожи Электрический массажер для тела подтяжка ли ...,price= 1 463,10 руб.| 45% скидка,sale= 804,36 руб.
name= Массажер для лица RF + EMS терапия прибор для лифтинга омоложения и подтяжки кожи OKACHI GLIYA Зо лотой,price= 11 091,32 руб.| 61% скидка,sale= 4 325,91 руб.
name= Детский бесконтактный датчик температуры лба пистолет цифровой светодиодный инфракрасный электрический клинический термометр для детей ...,price= 1 915,84 руб.| 47% скидка,sale= 1 015,64 руб.
name= Ультразвуковой аппарат для очищения лица,price= 2 008,65 руб.| 48% скидка,sale= 1 044,32 руб.
name= Ультразвуковой скребок для кожи AmazeFan, лопатка для пилинга, ионное удаление черных точек и акне, устройство для глубокой очистки, массажер дл ...,price= 3 771,31 руб.| 72% скидка,sale= 1 055,63 руб.
name= TWS-стереонаушники с зарядным футляром и поддержкой Bluetooth 5,0, 2200 мА · ч,price= 1 475,93 руб.| 67% скидка,sale= 486,69 руб.
name= Светодиодная маска для лица Foreverlily,price= 4 380,24 руб.| 58% скидка,sale= 1839,62 руб.
name= Двойной двухсторонний Электрический молокоотсос, молокоотсос, большой автоматический массаж, молокоотсос для послеродового периода, аксе ...,price= 2 320,28 руб.| 45% скидка,sale= 1 275,97 руб.
name= Массажер для лица и шеи AmazeFan, аппарат для фототерапии, для снятия морщин и подбородка, 3 цвета, Led,price= 2935,25 руб.| 67% скидка,sale= 968,86 руб.
name= Цифровой 3HP BPA FREE 2L автоматический тачпад профессиональный блендер, миксер, соковыжималка высокой мощности, Кухонный комбайн, лед, смузи, фру ...,price= 14 944,12 руб.| 73% скидка,sale= 4 034,65 руб.
name= ANLAN Ультразвуковой скрабер для глубокой чистки лица удаляет грязь угри черные точки уменьшает морщины и пятна отбеливающий лифтин ...,price= 3 855,06 руб.| 59% скидка,sale= 1 580,81 руб.
name= AmazeFan 4 в 1 EMS Фотон с косметическим эффектом женский уход за лицом Уход за глазами инструмент красоты машина инструмент для ухода за кожей кра ...,price= 7 470,17 руб.| 86% скидка,sale= 1 045,82 руб.
name= ANLAN визуальный умный массажер для глаз беспроводное Сжатие воздуха 42 ℃ горячий массаж глаз большая батарея снимает усталость массажные очк ...,price= 7 544,12 руб.| 53% скидка,sale= 3 545,69 руб.
name= Deou Электрический удаление угрей устройство очиститель порспособления для красоты лица акне очиститель для удаления очищения кожи от у ...,price= 894,16 руб.| 39% скидка,sale= 545,55 руб.
name= Эластичные шнурки без завязок; Полукруг шнурки для детей и взрослых Спортивная обувь на шнурках; Быстрая ленивый металлический замочно-бот ...,price= 66,40 руб.| 50% скидка,sale= 33,20 руб.
name= ANLAN 45 ° C Ультразвуковой скрабер, чистка лица ультразвук электрическая Лопата для пилинга, очищение пор, уход за лицом узи чистка лица скрубе ...,price= 3 318,57 руб.| 52% скидка,sale= 1 592,88 руб.
name= ANLAN косметическое устройство для лица и шеи 3 цвета светодиодный Фотонотерапия подтяжка кожи уменьшение двойного подбородка против морщин и ...,price= 4 148,59 руб.| 63% скидка,sale= 1 534,78 руб.
name= InFace щетка для очищения лица Инструменты для ухода за кожей лица водонепроницаемый силиконовый Электрический звуковой Массажер для очищени ...,price= 2 513,45 руб.| 53% скидка,sale= 1 181,65 руб.
name= Ультразвуковой скребок для лица, ультразвуковой очиститель кожи для удаления черных точек, вакуумная электрическая щетка для чистки лица, ...,price= 2 425,92 руб.| 34% скидка,sale= 1 601,18 руб.
name= Ультразвуковой скребок для кожи лица очищающее средство для лица машина для удаления угрей Очищающая щетка для лица ультразвуковой очисти ...,price= 1943,75 руб.| 43% скидка,sale= 1 107,70 руб.
name= Массажер InFace для лица с вибрацией, устройство для ухода за кожей лица, ионный подтягивающий импортный косметический инструмент для массажа,price= 3 771,31 руб.| 46% скидка,sale= 2 036,57 руб.
name= Лазерный уровень 12 линий 3D самонивелирующийся 360 горизонтальный и вертикальный крест супер мощный зеленый лазерный луч,price= 8 697,09 руб.| 62% скидка,sale= 3 304,99 руб.
name= 17 км винтажное жемчужное ожерелье в виде виноградных слой с монетками и цепочкой колье ожерелье для женщин; Цвет золотистый, серебристый Цв ...,price= 194,68 руб.| 65% скидка,sale= 67,91 руб.
name= ROMOSS Sense 8 + внешний аккумулятор Пауэр банк 30000 мАч QC PD 3,0 Быстрая зарядка Повербанк 30000 мАч портативное Внешние аккумуляторы для Xiaomi Mi,price= 3 078,62 руб.| 53% скидка,sale= 1 447,25 руб.
name= Портативный Миниатюрный светодиодный налобный фонарь XPE + COB, фонарь для кемпинга и рыбалки с зарядкой от USB,price= 453,49 руб.| 42% скидка,sale= 263,34 руб.
name= Смарт ТВ-приставка H96 MAX RK3318 Android 10 4G 64 ГБ 4 ГБ 32 ГБ Android 9,0 4K Youtube медиаплеер H96MAX ТВ-приставка 2GB16GB,price= 2 867,34 руб.| 43% скидка,sale= 1 634,38 руб.
name= Transpeed Android 10,0 телевизионная коробка с Bluetooth Google голосовой помощник 6K 3D Wifi 2,4G и 5,8G 4 Гб ОЗУ 64 Гб Play Store очень быстрая коробка,price= 2 788,11 руб.| 37% скидка,sale= 1 756,62 руб.
name= чистка лица щеточка для умывания щетка для лица Мини электрическая Очищающая щетка для лица, силиконовая звуковая очиститель для лица, глуб ...,price= 1 080,53 руб.| 50% скидка,sale= 540,27 руб.
name= Электрическая щетка для чистки лица KONKA, силиконовая USB-щетка для чистки лица, устройство для очистки кожи, водонепроницаемость IPX6,price= 3 603,79 руб.| 58% скидка,sale= 1 513,65 руб.
name= Ультразвуковой мини биполярный Hifu RF радиочастотный Массажер для лифтинга лица Красота терапия против морщин омоложение кожи домашний спа,price= 3 932,03 руб.| 35% скидка,sale= 2 555,70 руб.
name= EMS светодиодный светильник для ухода за кожей лица машина для красоты ультразвуковой массажер для лица скруббер Кавитация тела Массажер дл ...,price= 7 157,78 руб.| 52% скидка,sale= 3 435,53 руб.
name= Лазерный уровень с 16/12 линиями 4D, зеленый луч, сверхмощный горизонтальный и вертикальный лазерный уровень с 360 горизонтальных и вертикально ...,price= 9 773,85 руб.| 63% скидка,sale= 3 616,62 руб.
name= PZOZ Usb кабель зарядка для iphone кабель 11 12 pro max Xs Xr X SE 2 8 7 6 plus 6s 5s ipad air mini 4 Быстрая Зарядка Кабели зарядное устройство для iphone провод для зарядки а ...,price= 149,40 руб.| 50% скидка,sale= 74,70 руб.
name= HILDA 12/16 линии 3 / 4D лазерный уровень самонивелирующийся 360 горизонтальный и вертикальный крест супер мощный зеленый лазерный уровень,price= 11 787,03 руб.| 70% скидка,sale= 3 535,88 руб.
name= Светодиодная лента, гибкая светящаяся лента 2835SMD для подсветки ТВ, 0,5 / 1/2/3/4/5 м, 5 В пост. тока,price= 252,78 руб.| 44% преференций,sale= 141,86 руб.
name= PZOZ usb type c быстрая зарядка провод для зарядки Тип-c кабели для мобильных телефонов шнур для зарядки для xiaomi mi 10 9 a3 redmi Note 9s 8 K30 pro samsung S10 S9 plus Nnote 10 ...,price= 149,40 руб.| 53% скидка,sale= 70,17 руб.
name= Портативное зарядное устройство (Power Bank), 3 цвета, Type C / micro-USB,price= 1 382,36 руб.| 46% скидка,sale= 746,26 руб.
name= WOSAI 12В 16В 20В Беспроводная Дрель электрическая отвертка мини беспроводной драйвер питания литий-ионный аккумулятор постоянного тока 3/8 дюйма,price= 2 694,54 руб.| 44% преференций,sale= 1 509,13 руб.
name= Расслабляющая массажная подушка вибратор Электрический плечо Отопление спины разминание инфракрасная терапия массаж шеи шиацу,price= 1 856,22 руб.| 39% скидка,sale= 1 132,60 руб.
name= AEVO Очищающая щетка для лица Уход за кожей, 2 в 1 подогреваемый массажер Sonic зубная щётка поглощением вибраций, что обеспечивает глубокое очищение ...,price= 2 693,79 руб.| Скидка 40%,sale= 1 616,27 руб.
name= Щетка для чистки лица InFace с электродвигателем,price= 2 513,45 руб.| 52% скидка,sale= 1206,55 руб.
name= Baseus 65 Вт Ган Зарядное устройство быстрой зарядки 4,0 3,0 Тип C PD USB Зарядное устройство благодаря зарядному устройству QC 4,0 3,0 Портативный быстро ...,price= 5 801,08 руб.| 67% скидка,sale= 1 914,33 руб.
name= Портное зарядное устройство KUULAA 20000 мАч, портативное зарядное устройство, Внешнее зарядное устройство, портативное зарядное устройство ...,price= 1919,61 руб.| 51% скидка,sale= 940,94 руб.
name= Электрический паяльник JCD 80 Вт с цифровым ЖК-дисплеем и регулируемой температурой, наконечники паяльника 220 В / 110 В, сварочные инструменты для ...,price= 1 152,22 руб.| 53% скидка,sale= 541,78 руб.
name= TouchFIVE 30/40/60/80/168 цветные маркеры набор манга маркеры для рисования ручка на спиртовой основе эскиз фетровый наконечник двойная Кисть ручка то ...,price= 1961,86 руб.| 53% скидка,sale= 922,08 руб.
name= USB-флеш-накопитель Type-C WANSENDA, OTG-флешка на 512 Гб, 256 Гб, 128 Гб, 64 Гб, 32 Гб, 16 Гб, USB-флешка 3.0, флеш-накопитель для устройств Type-C,price= 547,06 руб.| 51% скидка,sale= 267,87 руб.
name= PZOZ 1m 2m провод Micro USB кабель 3A быстрая зарядка Microusb зарядное устройство данные шнур для Samsung S7 Xiaomi Redmi Note 5 Pro 4X плюс huawei планшеты Мобильн ...,price= 149,40 руб.| 53% скидка,sale= 70,17 руб.
name= Японские кухонные ножи XITUO, нож шеф-повара сантоку, Мясницкий резак, лазерный узор Дамаска, острый, для повседневного использования, 8 дюймов,price= 1 108,45 руб.| 57% скидка,sale= 476,88 руб.
name= FLOVEME Магнитный кабель Micro Тип USB C для iPhone12 осветительный кабель 1 м 3A провод для быстрого заряда Type-C магнит Зарядное устройство телефонный ка ...,price= 179,59 руб.| 63% скидка,sale= 66,40 руб.
name= Delviz стены USB Мощность гнездо, много Новый стиль Панель, Спальня гнездо, переменный ток, 110V-250V 16A настенный встраиваемая, двойной usb-зарядное ус ...,price= 822,47 руб.| 69% скидка,sale= 255,04 руб.
name= InstaHot элегантная рубашка с рукавами-фонариками белая черная сексуальная винтажная блузка с пуговицами и отложным воротником для офисных да ...,price= 2 132,40 руб.| 57% скидка,sale= 916,79 руб.
name= 3 в 1 Электрический Уход за лицом Очищающая щетка для лица Силиконовый вращающаяся щетка для лица глубокой очистки пор кожи пилинг массажный ...,price= 3 546,45 руб.| 55% скидка,sale= 1 595,90 руб.
name= Мини USB электрическая щетка для очищения лица силиконовая щетка для очищения лица Sonic очиститель для лица Инструменты для ухода за кожей Мас ...,price= 1 641,93 руб.| 52% скидка,sale= 787,76 руб.
name= Женские безопасные лезвия для бритвы, бритва для женщин, 3 слоя лезвия, бритва, лезвие для бритвы, Сменная головка для Gillette Venus,price= 359,93 руб.| 49% скидка,sale= 183,36 руб.
name= Beiyingni 2020 Весна Осень Женские рубашки простые свободные блузки большого размера женские топы свободные блузки в Корейском стиле бойфр ...,price= 1318,98 руб.| Скидка 40%,sale= 791,54 руб.
name= FINETOO в талии хлопковые трусы женские M-4XL нижнее белье женщина нижнее белье, сексуальные с низкой посадкой трусы для девочек с героями мультф ...,price= 1505,35 руб.| 81% скидка,sale= 285,98 руб.
name= 30D полное покрытие закаленное стекло для iphone 11 12 PRO MAX защита экрана Защитное стекло для iphone 11 12 X XR XS MAX стекло,price= 155,44 руб.| скидка в 20,sale= 124,50 руб.
name= Вакуумный упаковщик упаковочная машина 220V / 110V бытовой пищевой вакуумный упаковщик пленка вакуумный упаковщик, в том числе 15 шт. сумки,price= 2 215,40 руб.| 53% скидка,sale= 1 041,30 руб.
name= TOPK Кабельный органайзер силиконовый usb-кабель для намотки рабочего стола аккуратные зажимы для управления Кабельный Держатель для мыши для ...,price= 187,13 руб.| 47% скидка,sale= 98,85 руб.
name= Массажная подушка, массажный коврик для йоги, акупрессур, снимает стресс, боль в спине, Спайк, коврик для иглоукалывания,price= 1 030,73 руб.| 53% скидка,sale= 484,43 руб.
name= Добавьте в корзину и получите код покупки (С ПОДАРОЧНОЙ КОРОБКОЙ) JinKaiRui u-образный Электрический шиацу массажер для спины, шеи, плеч, тела Инф ...,price= 2 640,97 руб.| 33% скидка,sale= 1 769,45 руб.
name= Ножи точилка 3 этапа профессиональных ножей, точильный камень, точильный камень Вольфрам алмаз Керамика шлифовальная машина аксессуа ...,price= 1 130,34 руб.| 60% скидка,sale= 451,98 руб.
name= Стилус для iPad, стилус для Apple Pencil 1, 2, стилус для планшета, IOS, Android, стилус для iPad, Xiaomi, Huawei, карандаш для телефона,price= 3 518,53 руб.| 72% скидка,sale= 985,46 руб.
name= Ультразвуковая электрическая щетка для чистки лица, силиконовый массажер для лица, машина для удаления угрей, инструменты для глубокой очи ...,price= 1 508,37 руб.| 35% скидка,sale= 980,18 руб.
name= 21V бесщеточная электрическая дрель 40 нм Беспроводная отвертка 2000 мАч батарея мини электрическая отвертка дрель 5 шт. бит ПРОСТОРМЕР,price= 6 487,73 руб.| 54% скидка,sale= 2 984,30 руб.
name= Simplee женский геометрический вязаный свитер цвета хаки Женский Повседневный пуловер с рисунком гусиные лапки женский осенне-зимний Ретро дж ...,price= 2 765,47 руб.| 53% скидка,sale= 1 300,11 руб.
name= Aachoae однотонная повседневная обувь Спортивный костюм для женщин спортивные Комплект из 2 предметов свитера пуловеровки костюм 2020 дом ...,price= 1940,74 руб.| 53% скидка,sale= 912,27 руб.
name= Футболка SEMIR Мужская стрейчевая, хлопковая тенниска с круглым вырезом, простая повседневная майка, крутая уличная одежда, однотонная, лето ...,price= 1 534,03 руб.| 70% скидка,sale= 460,28 руб.
name= Toppies 2020 Женская длинная куртка, двубортное пальто в клетку с поясом, весная и осенняя модная верхняя одежда,price= 3 772,82 руб.| 44% преференций,sale= 2 112,78 руб.
name= LAIMENG вакуумная упаковочная машина Sous Vide вакуумный упаковщик для хранения продуктов питания новые вакуумные пакеты для вакуумной упаковки ...,price= 4 451,17 руб.| 46% скидка,sale= 2 403,28 руб.
name= Алмазный точильный камень для KME, точилка для ножей с фиксированным углом, точилка для ножей, точильный камень, Алмазный точильный камень, ма ...,price= 216,56 руб.| 57% скидка,sale= 92,81 руб.
name= BEVERGREEN зимние женские домашние тапочки из искусственного меха; Теплая обувь на плоской подошве женская обувь без застежки; Домашние пушисты ...,price= 1 054,88 руб.| 53% скидка,sale= 495,75 руб.
name= Vnox базовый дизайн панк нержавеющая сталь подойдет в качестве подарка как для мужчин, так и для женщин Снаряженная кубинской цепочка колье в ...,price= 149,40 руб.| 55% скидка,sale= 67,16 руб.
name= FINETOO набор топ Высокая талия трусы Для женщин Беспроводной нижнее белье костюм мягкий комплект нижнего белья бюстгальтер S-XL с низ ...,price= 753,05 руб.| 44% преференций,sale= 421,80 руб.
name= Силиконовая крышка, растягивающаяся эритрогерметичная Крышка для упаковки пищевых продуктов, сохраняющая свежесть, герметичная крышка дл ...,price= 376,53 руб.| 46% скидка,sale= 202,98 руб.
name= 80 Вт Цифровой Электрический паяльник Температура Регулируемый 220V 110V сварочный инструмент Керамика нагреватель жало паяльника па ...,price= 891,89 руб.| 37% скидка,sale= 562,15 руб.
name= ROSALIND поли гель для ногтей для наращивания ногтей Маникюр Акрил Гель лак Гибридный 30 мл поли УФ гель лак для наращивания,price= 712,31 руб.| 69% скидка,sale= 221,09 руб.
name= Мужские роскошные механические часы с автоматическим хронографом, квадратные часы с большим циферблатом, водонепроницаемые, 2020, новые мужс ...,price= 50 706,63 руб.| 94% преференций,sale= 3 042,40 руб.
name= Кольцо матовое из серебра 925 пробы с сертификатом для женщин и мужчин, обручальные кольца, серебро 925 пробы, лучшие изделия высшего качества ...,price= 7 537,33 руб.| 97% скидка,sale= 226,37 руб.
name= Продаем в случае потери! 2ct лабораторная алмазная подвеска бесконечность ожерелье с 40 см 45 см 50 см 55 см 60 см серебряная цепочка 925 Ожерелье Же ...,price= 15 082,96 руб.| 98% скидка,sale= 301,83 руб.
name= YANHUI высококачественные классические свадебные кольца вечность 1 карат изысканные 100% Оригинальные 925 Серебряные циркониевые бриллиантовые ...,price= 7 537,33 руб.| 97% скидка,sale= 226,37 руб.
name= Женские серьги-гвоздики из серебра 925 пробы.,price= 7 537,33 руб.| 97% скидка,sale= 226,37 руб.
name= YANHUI Новая роскошная обувь с украшением в виде кристаллов подвеска в виде сердца с фианитами колье-чокер 925 Серебряная цепочка, колье для жен ...,price= 7 537,33 руб.| 97% скидка,sale= 226,37 руб.
name= Зарядное устройство автомобильное FLOVEME для телефона с беспроводным fm-передатчиком,price= 1 058,65 руб.| 75% скидка,sale= 264,85 руб.
name= Смарт-часы Hembeer P8 с тонометром, 1,4 дюйма, унисекс,price= 8 483,55 руб.| 85% скидка,sale= 1 272,19 руб.
name= Ремень из натуральной кожи мужской, роскошный дизайнерский ремень из коровьей шкуры, модный ковбойский ремень для джинсов, бесплатная дост ...,price= 1871,32 руб.| 73% скидка,sale= 505,56 руб.
name= Часы для мужчин Warcraft Кварцевые Часы Hollow out для Мужские Подарочные часы Ретро наручные Модные наручные часы Скелет квадратный класса люкс,price= 36 898,13 руб.| 95% скидка,sale= 1844,91 руб.
name= Женское кольцо из розового золота, роскошное обручальное кольцо из белого топаза с драгоценным камнем, ювелирное изделие из серебра 925 проб ...,price= 7 537,33 руб.| 97% скидка,sale= 226,37 руб.
name= Натуральная 925 серебра супер блестящий квадратный дизайн кубический циркон ожерелье, подвеска, колье, для женщин, свадебные серебро ...,price= 7 537,33 руб.| 97% скидка,sale= 226,37 руб.
name= Высокопроизводительный промышленный кухонный комбайн 3HP 2200 Вт с функциями сверхмощный блендер, соковыжималка, приготовление ледяных смузи ...,price= 13 791,15 руб.| 73% скидка,sale= 3723,77 руб.
name= Essager 540 вращаться Магнитный кабель быстрой зарядки магнитное зарядное устройство кабель с разъемом Micro USB Type-C кабель мобильный телефон кабель д ...,price= 85,27 руб.| 45% скидка,sale= 46,78 руб.
name= Лазерный уровень HANMATEK LV1, нивелир с вертикальными и горизонтальными линиями, диапазон измерения 50 футов,price= 3 318,57 руб. | 53% off,sale= 1 559,68 руб.
name= используйте этот промокод магазина: ANKER400. Получите скидку 400 руб. Anker Soundcore Life P2 TWS True Беспроводные наушники с 4 микрофонами, шумоподавление CVC 8...,price= 5 733,92 руб. | 39% off,sale= 3 497,40 руб.
name= Bluetooth-наушники QCY T8, TWS, с микрофоном,price= 3 606,81 руб. | 59% off,sale= 1 478,94 руб.
name= 2 шт. T10 W5W Новый супер яркий светодиодный парковочные фары автомобиля WY5W 168 501 2825 Авто Клин поворотные боковые лампочки салона автомобиля чте...,price= 186,38 руб. | 25% off,sale= 139,59 руб.
name= Shustar светодиодный светильник со вспышкой, ультра яркий фонарь L2/V6, светильник для кемпинга, 5 режимов переключения, водонепроницаемый, масшт...,price= 526,68 руб. | 44% off,sale= 295,03 руб.
name= YANHUI Оригинальные 925 Серебряное кольцо и серьги и ожерелье набор инкрустация 6 мм 1.0ct Цирконий бриллиант набор украшений для женщин ST1263,price= 7 537,33 руб. | 94% off,sale= 451,98 руб.
name= Полностью автоматические зарядные устройства для аккумуляторов 12 В-24 в 8 А, автомобильные зарядные устройства с цифровым ЖК-дисплеем для ак...,price= 2 763,96 руб. | 46% off,sale= 1 492,53 руб.
name= Сверхмощный блендер BioloMix 3HP 2200 Вт с таймером, миксер, соковыжималка, комбайн для фруктов, холодных смузи, без БФА, с ёмкостью 2 л,price= 11 227,90 руб. | 71% off,sale= 3 255,94 руб.
